,City,Country,Date,Latitude,Longitude,Cloudiness (%),Humidity (%),Max Temp (F),Wind Speed (mph)
0,arraial do cabo,BR,2021-02-10 11:33:21,-22.9661,-42.0278,40,69,84.46999999999997,5.66
1,atuona,PF,2021-02-10 11:33:21,-9.8,-139.0333,6,77,79.19600000000005,9.08
2,jamestown,US,2021-02-10 11:30:45,42.097,-79.2353,1,53,23.26999999999996,3.09
3,attawapiskat,,,,,,,,
4,tuatapere,NZ,2021-02-10 11:33:21,-46.1333,167.6833,100,91,51.61999999999996,7.19
5,khani,GE,2021-02-10 11:33:21,41.9563,42.9566,0,41,61.069999999999965,2.06
6,chuy,UY,2021-02-10 11:32:19,-33.6971,-53.4616,0,70,77.43200000000002,4.8
7,elmadag,TR,2021-02-10 11:29:40,39.9208,33.2308,40,66,50.26999999999996,1.54
8,vila velha,BR,2021-02-10 11:31:19,-20.3297,-40.2925,40,62,86.26999999999995,4.63
9,scottsburgh,,,,,,,,
10,tumannyy,,,,,,,,
11,chongwe,ZM,2021-02-10 11:33:21,-15.3292,28.682,100,97,68.39600000000004,2.08
12,coihaique,CL,2021-02-10 11:33:21,-45.5752,-72.0662,20,36,80.86999999999996,3.6
13,cilegon,ID,2021-02-10 11:33:21,-6.0174,106.0538,20,94,77.26999999999995,2.06
14,provideniya,RU,2021-02-10 11:33:22,64.3833,-173.3,0,77,-12.028000000000013,5.2
15,port alfred,ZA,2021-02-10 11:32:44,-33.5906,26.891,38,89,77.26999999999995,0.89
16,hambantota,LK,2021-02-10 11:33:22,6.1241,81.1185,0,78,77.26999999999995,5.14
17,kaitangata,NZ,2021-02-10 11:33:22,-46.2817,169.8464,100,56,55.274000000000015,4.47
18,fortuna,US,2021-02-10 11:33:22,40.5982,-124.1573,90,100,43.26799999999999,3.6
19,yeppoon,AU,2021-02-10 11:33:22,-23.1333,150.7333,75,83,73.66999999999996,2.06
20,mataura,NZ,2021-02-10 11:33:22,-46.1927,168.8643,100,92,49.53200000000002,6.15
21,arouca,TT,2021-02-10 11:33:22,10.6333,-61.3333,40,58,85.26199999999996,7.72
22,quatre cocos,MU,2021-02-10 11:33:22,-20.2078,57.7625,40,74,80.86999999999996,4.12
23,ushuaia,AR,2021-02-10 11:31:50,-54.8,-68.3,20,29,79.06999999999996,6.17
24,punta arenas,CL,2021-02-10 11:32:53,-53.15,-70.9167,0,67,61.069999999999965,4.12
25,lebu,CL,2021-02-10 11:33:22,-37.6167,-73.65,1,60,70.75399999999996,3.65
26,sulya,IN,2021-02-10 11:33:22,12.5667,75.3833,67,73,79.06999999999996,1.54
27,husavik,IS,2021-02-10 11:33:22,66.0449,-17.3389,75,93,19.66999999999996,1.03
28,ribeira grande,PT,2021-02-10 11:33:22,38.5167,-28.7,40,67,62.86999999999996,10.29
29,palabuhanratu,,,,,,,,
30,avarua,CK,2021-02-10 11:33:22,-21.2078,-159.775,20,83,79.06999999999996,2.06
31,caramay,PH,2021-02-10 11:33:22,10.1815,119.236,5,87,77.01799999999999,1.12
32,barentsburg,,,,,,,,
33,satitoa,,,,,,,,
34,abu jubayhah,,,,,,,,
35,torbat-e jam,IR,2021-02-10 11:33:23,35.244,60.6225,0,44,55.13000000000004,0.24
36,bredasdorp,ZA,2021-02-10 11:33:23,-34.5322,20.0403,4,64,73.66999999999996,5.14
37,ponta do sol,PT,2021-02-10 11:33:23,32.6667,-17.1,75,86,64.27400000000002,0.89
38,rikitea,PF,2021-02-10 11:33:23,-23.1203,-134.9692,64,75,78.476,4.33
39,kodiak,US,2021-02-10 11:33:23,57.79,-152.4072,90,75,37.66999999999996,7.2
40,saint-philippe,RE,2021-02-10 11:33:23,-21.3585,55.7679,0,69,82.66999999999996,3.6
41,bargal,,,,,,,,
42,antalaha,MG,2021-02-10 11:33:23,-14.9003,50.2788,100,85,78.72799999999997,1.68
43,chukhloma,RU,2021-02-10 11:33:23,58.7525,42.6825,64,92,-5.133999999999993,2.25
44,illoqqortoormiut,,,,,,,,
45,fare,PF,2021-02-10 11:33:23,-16.7,-151.0167,0,69,81.48200000000003,4.84
46,fillan,NO,2021-02-10 11:33:23,63.6064,8.9696,20,79,14.269999999999957,4.63
47,taltal,CL,2021-02-10 11:33:23,-25.4,-70.4833,52,66,69.368,2.56
48,zaozhuang,CN,2021-02-10 11:33:23,34.8647,117.5542,20,65,43.016000000000005,2.46
49,hermanus,ZA,2021-02-10 11:33:23,-34.4187,19.2345,0,63,79.26799999999999,3.58
50,kavieng,PG,2021-02-10 11:33:23,-2.5744,150.7967,62,75,82.88599999999997,3.76
51,thompson,CA,2021-02-10 11:31:31,55.7435,-97.8558,75,67,-36.129999999999995,1.03
52,lompoc,US,2021-02-10 11:33:24,34.6391,-120.4579,1,93,52.26799999999999,2.66
53,taolanaro,,,,,,,,
54,cabo san lucas,MX,2021-02-10 11:29:13,22.8909,-109.9124,1,77,67.26199999999996,5.66
55,kysyl-syr,RU,2021-02-10 11:33:24,63.8986,122.7617,0,86,-20.866000000000007,2.48
56,hobart,AU,2021-02-10 11:32:55,-42.8794,147.3294,0,82,53.27599999999999,2.57
57,kruisfontein,ZA,2021-02-10 11:33:18,-34.0033,24.7314,0,77,77.26999999999995,5.81
58,mizan teferi,ET,2021-02-10 11:33:24,6.9833,35.5833,97,45,71.54600000000005,1.02
59,albany,US,2021-02-10 11:31:43,42.6001,-73.9662,47,48,27.26600000000001,2.58
60,busselton,AU,2021-02-10 11:33:02,-33.65,115.3333,0,96,55.274000000000015,3.87
61,cockburn harbour,,,,,,,,
62,tiksi,RU,2021-02-10 11:33:24,71.6872,128.8694,15,88,-17.42800000000002,1.96
63,kagawasan,PH,2021-02-10 11:33:24,7.8661,123.395,100,96,73.058,0.64
64,yulara,AU,2021-02-10 11:33:24,-25.2406,130.9889,40,58,86.26999999999995,1.54
65,hithadhoo,MV,2021-02-10 11:33:24,-0.6,73.0833,19,74,82.81400000000004,5.2
66,coffeyville,US,2021-02-10 11:33:24,37.0373,-95.6164,90,73,17.86999999999996,5.14
67,tabialan,,,,,,,,
68,butaritari,KI,2021-02-10 11:33:24,3.0707,172.7902,78,77,81.33800000000005,6.87
69,chokurdakh,RU,2021-02-10 11:31:11,70.6333,147.9167,29,89,-10.678000000000019,3.44
70,maxixe,MZ,2021-02-10 11:33:24,-23.8597,35.3472,40,65,84.46999999999997,5.14
71,gat,IL,2021-02-10 11:33:24,31.61,34.7642,0,100,65.26400000000004,2.83
72,georgetown,MY,2021-02-10 11:30:54,5.4112,100.3354,20,74,85.26199999999996,2.06
73,upernavik,GL,2021-02-10 11:31:35,72.7868,-56.1549,2,90,5.017999999999983,4.73
74,bluff,NZ,2021-02-10 11:33:24,-46.6,168.3333,100,90,54.35600000000003,14.69
75,leon,MX,2021-02-10 11:33:24,21.1167,-101.6667,20,32,64.66999999999996,2.2
76,los llanos de aridane,ES,2021-02-10 11:33:25,28.6585,-17.9182,75,68,68.26999999999995,1.03
77,lekoni,GA,2021-02-10 11:33:25,-1.5843,14.2591,100,48,85.69399999999997,2.11
78,amderma,,,,,,,,
79,save,BJ,2021-02-10 11:33:25,8.0425,2.486,18,18,100.70600000000003,1.77
80,rocha,UY,2021-02-10 11:33:25,-34.4833,-54.3333,18,66,78.40399999999995,4.62
81,tanjong sepat,,,,,,,,
82,victoria,HK,2021-02-10 11:31:23,22.2855,114.1577,91,89,62.27599999999999,3.35
83,vao,NC,2021-02-10 11:33:25,-22.6667,167.4833,0,84,76.67599999999999,6.29
84,badiraguato,MX,2021-02-10 11:33:25,25.3667,-107.5167,20,72,67.26199999999996,1.54
85,esperance,AU,2021-02-10 11:33:25,-33.8667,121.9,90,77,61.069999999999965,5.14
86,mar del plata,AR,2021-02-10 11:32:46,-38.0023,-57.5575,40,73,71.86999999999996,7.72
87,evanston,US,2021-02-10 11:33:25,42.0411,-87.6901,90,61,15.277999999999963,2.06
88,sistranda,NO,2021-02-10 11:31:11,63.7256,8.834,20,79,14.269999999999957,4.63
89,hilo,US,2021-02-10 11:33:25,19.7297,-155.09,75,68,64.66999999999996,2.57
90,cherskiy,RU,2021-02-10 11:33:09,68.75,161.3,0,85,-8.608000000000004,1.37
91,marcona,,,,,,,,
92,nouadhibou,MR,2021-02-10 11:33:25,20.931,-17.0347,0,38,79.06999999999996,4.63
93,necochea,AR,2021-02-10 11:33:25,-38.5473,-58.7368,37,59,74.26400000000004,3.13
94,adrar,MR,2021-02-10 11:33:25,20.5022,-10.0711,79,12,82.72400000000002,4.62
95,castro,BR,2021-02-10 11:31:14,-24.7911,-50.0119,90,55,74.84000000000003,1.38
96,sunrise manor,US,2021-02-10 11:33:25,36.2111,-115.0731,1,40,55.66999999999996,0.68
97,himora,,,,,,,,
98,biabou,VC,2021-02-10 11:33:25,13.2,-61.1333,75,65,80.86999999999996,6.17
99,yellowknife,CA,2021-02-10 11:33:26,62.456,-114.3525,20,76,-11.721999999999987,3.09
100,pevek,RU,2021-02-10 11:33:26,69.7008,170.3133,0,70,-11.704,0.96
101,tankara,IN,2021-02-10 11:33:26,22.6667,70.7333,100,31,67.81999999999996,2.35
102,tocopilla,CL,2021-02-10 11:33:26,-22.092,-70.1979,19,53,74.69600000000005,1.96
103,zhigalovo,RU,2021-02-10 11:33:26,54.8097,105.1578,11,89,-2.3259999999999863,0.94
104,lapua,FI,2021-02-10 11:33:26,62.9693,23.0088,3,97,9.266000000000009,1.49
105,ostrovnoy,RU,2021-02-10 11:33:26,68.0531,39.5131,47,93,7.267999999999983,7.35
106,nikolskoye,RU,2021-02-10 11:33:26,59.7035,30.7861,75,85,9.266000000000009,1.84
107,port elizabeth,ZA,2021-02-10 11:32:35,-33.918,25.5701,20,73,79.06999999999996,5.14
108,nayagarh,IN,2021-02-10 11:33:26,20.1333,85.1,0,76,63.30199999999998,1.72
109,kapaa,US,2021-02-10 11:31:50,22.0752,-159.319,20,52,70.06999999999996,7.72
110,tazmalt,DZ,2021-02-10 11:33:27,36.3868,4.3989,97,73,57.84800000000003,4.17
111,bilkha,IN,2021-02-10 11:33:27,21.4333,70.6,100,56,66.59600000000006,1.56
112,mahebourg,MU,2021-02-10 11:33:27,-20.4081,57.7,40,74,80.86999999999996,4.12
113,tasbuget,,,,,,,,
114,jiangkou,CN,2021-02-10 11:33:27,25.4872,119.1986,75,94,55.66999999999996,8
115,hualmay,PE,2021-02-10 11:31:05,-11.0964,-77.6139,37,58,77.93599999999998,3.69
116,kirakira,SB,2021-02-10 11:33:27,-10.4544,161.9205,81,80,79.50199999999998,1.85
117,bethel,US,2021-02-10 11:33:27,41.3712,-73.414,67,68,29.26400000000003,0.89
118,kavaratti,IN,2021-02-10 11:33:27,10.5669,72.642,47,63,82.16600000000001,3.4
119,tuktoyaktuk,CA,2021-02-10 11:31:13,69.4541,-133.0374,1,68,-30.72999999999999,4.12
120,torbay,CA,2021-02-10 11:33:27,47.6666,-52.7314,75,80,28.27400000000001,12.35
121,bilma,NE,2021-02-10 11:33:27,18.6853,12.9164,0,15,77.05399999999995,2.95
122,saskylakh,RU,2021-02-10 11:33:27,71.9167,114.0833,4,84,-20.271999999999984,4.48
123,yaan,NG,2021-02-10 11:33:27,7.3833,8.5667,43,10,98.15,2.56
124,nguiu,,,,,,,,
125,burica,,,,,,,,
126,vaini,TO,2021-02-10 11:33:27,-21.2,-175.2,20,94,77.26999999999995,2.57
127,saint george,US,2021-02-10 11:33:27,37.1041,-113.5841,1,46,51.27799999999996,0.08
128,laguna,US,2021-02-10 11:31:53,38.421,-121.4238,24,85,51.27799999999996,0.89
129,grand river south east,,,,,,,,
130,walvis bay,NA,2021-02-10 11:31:47,-22.9575,14.5053,0,68,71.86999999999996,3.09
131,san andres,CO,2021-02-10 11:33:22,12.5847,-81.7006,20,65,84.46999999999997,3.6
132,dolbeau,,,,,,,,
133,redmond,US,2021-02-10 11:32:22,47.674,-122.1215,77,94,32.26999999999996,0.19
134,adilcevaz,TR,2021-02-10 11:33:27,38.8039,42.7342,40,87,35.86999999999996,2.57
135,urdzhar,,,,,,,,
136,santa isabel do rio negro,BR,2021-02-10 11:33:02,-0.4139,-65.0192,86,48,92.65999999999998,2.23
137,bilibino,RU,2021-02-10 11:33:28,68.0546,166.4372,7,86,-9.094000000000023,1.18
138,pedernales,DO,2021-02-10 11:33:28,18.0384,-71.744,47,52,83.46199999999996,1.78
139,sentyabrskiy,,,,,,,,
140,coahuayana,MX,2021-02-10 11:33:28,18.7333,-103.6833,1,60,75.46999999999997,1.86
141,luang prabang,LA,2021-02-10 11:33:28,19.8856,102.1347,3,74,58.80199999999998,0.48
142,mpanda,TZ,2021-02-10 11:33:28,-6.3655,31.0409,100,90,68.80999999999997,0.39
143,new norfolk,AU,2021-02-10 11:32:01,-42.7826,147.0587,0,66,53.27599999999999,1.21
144,kaili,ID,2021-02-10 11:33:28,-3.4626,120.2147,88,81,69.02599999999998,1.32
145,ulaangom,MN,2021-02-10 11:33:28,49.9811,92.0667,0,72,2.4980000000000224,1.59
146,cape town,ZA,2021-02-10 11:30:56,-33.9258,18.4232,0,73,75.27200000000005,9.26
147,east london,ZA,2021-02-10 11:33:28,-33.0153,27.9116,20,83,79.06999999999996,5.14
148,iqaluit,CA,2021-02-10 11:33:28,63.7506,-68.5145,75,85,8.869999999999958,2.06
149,buala,SB,2021-02-10 11:33:28,-8.145,159.5921,38,81,80.45600000000003,3.55
150,masyaf,SY,2021-02-10 11:33:28,35.0653,36.3406,40,77,62.86999999999996,2.57
151,airai,TL,2021-02-10 11:33:28,-8.9266,125.4092,100,100,61.483999999999995,0.7
152,ambon,ID,2021-02-10 11:33:28,-3.6954,128.1814,100,78,81.82400000000001,2.08
153,talnakh,RU,2021-02-10 11:32:51,69.4865,88.3972,15,82,-12.063999999999986,2.03
154,sangar,RU,2021-02-10 11:33:28,63.9242,127.4739,0,84,-18.867999999999988,0.72
155,cidreira,BR,2021-02-10 11:33:28,-30.1811,-50.2056,5,70,78.33200000000002,5.41
156,taoudenni,ML,2021-02-10 11:33:28,22.6783,-3.9836,0,12,84.01999999999995,4.25
157,lavrentiya,RU,2021-02-10 11:33:28,65.5833,-171,0,80,-24.987999999999992,3.89
158,plettenberg bay,ZA,2021-02-10 11:33:24,-34.0527,23.3716,7,83,70.37599999999999,3.24
159,wukari,NG,2021-02-10 11:33:29,7.85,9.7833,87,10,93.68599999999998,1.38
160,manjacaze,MZ,2021-02-10 11:30:50,-24.7117,33.8828,0,83,76.24399999999997,3.22
161,la rioja,ES,2021-02-10 11:33:29,42.25,-2.5,40,50,55.66999999999996,8.23
162,saleaula,,,,,,,,
163,nagar karnul,IN,2021-02-10 11:33:29,16.4821,78.3247,0,32,68.77400000000002,2.54
164,hasaki,JP,2021-02-10 11:33:29,35.7333,140.8333,20,93,37.274000000000015,2.06
165,mutsamudu,,,,,,,,
166,touros,BR,2021-02-10 11:33:29,-5.1989,-35.4608,40,55,89.86999999999996,8.23
167,galle,LK,2021-02-10 11:28:44,6.0367,80.217,93,77,78.40399999999995,1.91
168,cabedelo,BR,2021-02-10 11:33:29,-6.9811,-34.8339,75,62,88.06999999999996,5.66
169,khromtau,KZ,2021-02-10 11:29:20,50.2503,58.4347,100,95,4.927999999999962,6.27
170,kendari,ID,2021-02-10 11:33:29,-3.945,122.4989,80,88,77.93599999999998,0.63
171,carnarvon,AU,2021-02-10 11:33:18,-24.8667,113.6333,0,88,73.66999999999996,10.8
172,tsienyane,,,,,,,,
173,maraa,BR,2021-02-10 11:33:29,-1.8333,-65.3667,97,47,90.66199999999995,3.19
174,constitucion,CL,2021-02-10 11:33:29,-35.3333,-72.4167,7,63,71.56400000000004,2.92
175,fengzhen,CN,2021-02-10 11:33:29,40.4394,113.1536,0,72,30.398000000000025,2.49
176,san cristobal,VE,2021-02-10 11:33:29,7.7669,-72.225,75,69,79.06999999999996,3.09
177,baherden,TM,2021-02-10 11:33:29,38.4362,57.4316,0,49,54.55399999999995,1.18
178,karratha,AU,2021-02-10 11:33:29,-20.7377,116.8463,2,37,88.7,6.7
179,contai,IN,2021-02-10 11:33:29,21.7786,87.7536,0,80,67.47799999999997,4.04
180,havre,FR,2021-02-10 11:33:30,49.5833,0.3333,0,64,30.46999999999996,6.69
181,srivardhan,IN,2021-02-10 11:33:30,18.0333,73.0167,74,53,73.74199999999999,2.82
182,wajid,SO,2021-02-10 11:33:30,3.8093,43.2471,73,25,84.52400000000002,5.3
183,newport,GB,2021-02-10 11:29:28,51.5877,-2.9984,99,69,37.274000000000015,7.04
184,balancan,MX,2021-02-10 11:33:30,17.8,-91.5333,20,83,79.06999999999996,5.56
185,hendijan,,,,,,,,
186,norman wells,CA,2021-02-10 11:33:30,65.282,-126.8329,40,67,-37.92999999999999,2.05
187,osa,RU,2021-02-10 11:33:30,57.2829,55.4567,95,86,-9.18399999999999,0.88
188,praia,CV,2021-02-10 11:33:30,14.9215,-23.5087,0,47,77.26999999999995,9.77
189,sobolevo,RU,2021-02-10 11:33:30,54.4299,31.8996,93,93,1.3820000000000157,3.17
190,whitianga,NZ,2021-02-10 11:33:30,-36.8333,175.7,70,90,61.26799999999999,0.89
191,pitiquito,MX,2021-02-10 11:33:30,30.7,-112.0833,71,43,58.26199999999996,1.79
192,robertsport,LR,2021-02-10 11:33:30,6.7533,-11.3686,58,78,82.81400000000004,6.23
193,tsihombe,,,,,,,,
194,kuznechnoye,RU,2021-02-10 11:33:30,61.12,29.8686,98,75,6.277999999999963,1.66
195,ilulissat,GL,2021-02-10 11:31:42,69.2167,-51.1,1,41,14.269999999999957,8.75
196,romny,UA,2021-02-10 11:33:30,50.751,33.4747,97,97,18.69800000000002,3.75
197,reforma,MX,2021-02-10 11:33:30,18.1,-91.0167,3,68,82.52599999999998,3.91
198,qaanaaq,GL,2021-02-10 11:33:31,77.484,-69.3632,22,71,1.6519999999999762,4.04
199,longyearbyen,SJ,2021-02-10 11:33:31,78.2186,15.6401,90,73,12.46999999999996,9.26
200,nanortalik,GL,2021-02-10 11:33:31,60.1432,-45.2371,65,88,27.716000000000008,3.45
201,barrow,US,2021-02-10 11:32:36,71.2906,-156.7887,90,76,-16.32999999999999,5.66
202,berlevag,NO,2021-02-10 11:33:31,70.8578,29.0864,75,86,23.26999999999996,9.77
203,turukhansk,RU,2021-02-10 11:33:31,65.8167,87.9833,100,89,-14.278000000000013,3.8
204,puerto ayora,EC,2021-02-10 11:31:33,-0.7393,-90.3518,75,83,82.27400000000002,2.57
205,jega,NG,2021-02-10 11:29:06,12.2175,4.3792,0,9,99.33800000000005,3.32
206,luderitz,NA,2021-02-10 11:33:31,-26.6481,15.1594,20,65,72.12200000000004,6.8
207,tual,ID,2021-02-10 11:33:31,-5.6667,132.75,100,78,83.51600000000002,6.86
208,kilrush,IE,2021-02-10 11:33:31,52.6397,-9.4833,75,56,37.66999999999996,6.69
209,the hammocks,US,2021-02-10 11:33:31,25.6715,-80.4445,20,61,82.27400000000002,6.17
210,oskemen,KZ,2021-02-10 11:33:31,49.9565,82.6119,40,77,-10.929999999999993,1
211,la maddalena,IT,2021-02-10 11:33:31,41.2142,9.4083,40,82,55.66999999999996,6.17
212,fernley,US,2021-02-10 11:33:31,39.608,-119.2518,92,73,44.27599999999999,0.45
213,aklavik,CA,2021-02-10 11:32:39,68.2191,-135.0107,0,68,-28.929999999999993,2.57
214,san luis,AR,2021-02-10 11:30:22,-33.295,-66.3356,44,48,74.89399999999998,0.12
215,tarudant,,,,,,,,
216,san marcos,US,2021-02-10 11:31:10,33.1434,-117.1661,90,71,57.272000000000034,0.52
217,cienfuegos,CU,2021-02-10 11:33:31,22.1461,-80.4356,20,54,84.46999999999997,2.06
218,sao filipe,CV,2021-02-10 11:33:31,14.8961,-24.4956,27,69,73.23800000000006,3.98
219,karkaralinsk,,,,,,,,
220,senneterre,CA,2021-02-10 11:33:32,48.3835,-77.2328,20,72,5.269999999999957,2.57
221,hervey bay,AU,2021-02-10 11:33:32,-25.2986,152.8535,12,86,69.27799999999996,1.34
222,gigmoto,PH,2021-02-10 11:33:32,13.7796,124.39,91,84,78.33200000000002,3.99
223,san patricio,US,2021-02-10 11:33:32,28.017,-97.5169,90,100,73.66999999999996,4.63
224,sungurlu,TR,2021-02-10 11:33:32,40.1675,34.3739,34,64,48.41600000000001,2.63
225,lorengau,PG,2021-02-10 11:33:06,-2.0226,147.2712,100,92,78.09800000000003,9.86
226,kahului,US,2021-02-10 11:33:32,20.8947,-156.47,1,72,66.46999999999997,4.12
227,leningradskiy,RU,2021-02-10 11:33:32,69.3833,178.4167,61,83,-27.67000000000001,5.33
228,enid,US,2021-02-10 11:31:40,36.3956,-97.8784,90,86,17.86999999999996,3.09
229,bhayavadar,IN,2021-02-10 11:33:32,21.85,70.25,40,73,70.06999999999996,3.09
230,vissenbjerg,DK,2021-02-10 11:33:32,55.3848,10.1378,75,74,26.86999999999996,5.55
231,pacific grove,US,2021-02-10 11:33:32,36.6177,-121.9166,1,87,53.27599999999999,1.55
232,klaksvik,FO,2021-02-10 11:33:32,62.2266,-6.589,31,74,25.069999999999958,0.51
233,calvinia,ZA,2021-02-10 11:33:32,-31.4707,19.776,0,12,93.23599999999996,7.69
234,shahrud,IR,2021-02-10 11:33:32,36.4182,54.9763,82,47,51.04399999999997,1.38
235,ghanzi,BW,2021-02-10 11:33:32,-21.5667,21.7833,97,67,73.85,3.57
236,meulaboh,ID,2021-02-10 11:33:32,4.1363,96.1285,97,88,78.65600000000003,1.99
237,sainte-marie,RE,2021-02-10 11:33:33,-20.8968,55.5496,53,74,80.86999999999996,6.69
238,broome,US,2021-02-10 11:33:33,42.2506,-75.833,1,57,22.261999999999954,5.66
239,ancud,CL,2021-02-10 11:33:33,-41.8697,-73.8203,0,44,82.27400000000002,2.57
240,belushya guba,,,,,,,,
241,rincon,US,2021-02-10 11:29:20,32.296,-81.2354,90,94,63.266000000000005,1.33
242,nuuk,GL,2021-02-10 11:33:33,64.1835,-51.7216,75,93,26.86999999999996,2.57
243,tabou,CI,2021-02-10 11:33:33,4.423,-7.3528,28,78,82.94000000000003,3.95
244,tromso,NO,2021-02-10 11:33:16,69.6496,18.957,90,100,25.267999999999983,2.57
245,mount gambier,AU,2021-02-10 11:31:21,-37.8333,140.7667,5,55,66.46999999999997,2.57
246,usinsk,RU,2021-02-10 11:33:33,65.9939,57.5281,94,89,-17.067999999999984,2.47
247,stamsund,,,,,,,,
248,pierre,US,2021-02-10 11:33:33,44.3683,-100.351,75,46,5.269999999999957,4.12
249,kamenka,RU,2021-02-10 11:33:33,51.3223,42.7678,100,92,21.272000000000034,4.98
250,gizo,SB,2021-02-10 11:33:33,-8.103,156.8419,71,75,82.72400000000002,3.3
251,pangnirtung,CA,2021-02-10 11:33:33,66.1451,-65.7125,1,66,7.069999999999958,1.03
252,anadyr,RU,2021-02-10 11:33:33,64.75,177.4833,0,70,-12.72999999999999,2
253,muzaffarabad,PK,2021-02-10 11:33:33,34.37,73.4711,26,38,56.19199999999999,2.57
254,lexington,US,2021-02-10 11:30:48,37.9887,-84.4777,90,93,29.26400000000003,7.2
255,san quintin,MX,2021-02-10 11:33:33,30.4833,-115.95,86,65,56.82200000000004,4.78
256,nampa,US,2021-02-10 11:33:33,43.5407,-116.5635,1,100,27.26600000000001,0.68
257,khiv,RU,2021-02-10 11:33:33,41.7543,47.9306,35,56,46.63399999999999,1.41
258,severo-kurilsk,RU,2021-02-10 11:33:33,50.6789,156.125,83,89,25.75399999999995,3.97
259,jucas,BR,2021-02-10 11:33:33,-6.5253,-39.5275,61,39,95.26999999999995,2.09
260,madimba,TZ,2021-02-10 11:32:59,-10.4,40.3333,75,89,79.06999999999996,5.14
261,quesnel,CA,2021-02-10 11:33:34,52.9999,-122.5029,1,75,-28.929999999999993,1.03
262,vagur,FO,2021-02-10 11:28:43,61.4732,-6.8119,71,77,37.00399999999995,5.57
263,arawa,PG,2021-02-10 11:33:34,-6.2132,155.5367,99,82,78.20600000000003,1.12
264,oyon,PE,2021-02-10 11:33:34,-10.6681,-76.7731,90,51,57.14600000000005,5.08
265,dali,CN,2021-02-10 11:33:34,25.7,100.1833,0,69,45.23000000000004,2.19
266,fort nelson,CA,2021-02-10 11:33:34,58.8053,-122.7002,90,70,-9.129999999999988,1.54
267,lhokseumawe,ID,2021-02-10 11:33:34,5.1801,97.1507,97,83,78.42200000000004,1.68
268,mitu,CO,2021-02-10 11:33:34,1.1983,-70.1733,54,57,89.40199999999999,2.27
269,sur,OM,2021-02-10 11:33:34,22.5667,59.5289,100,70,69.458,2.58
270,guerrero negro,MX,2021-02-10 11:33:34,27.9769,-114.0611,100,68,58.80199999999998,6.52
271,olavarria,AR,2021-02-10 11:31:08,-36.8927,-60.3225,10,57,74.26400000000004,1.79
272,clyde river,CA,2021-02-10 11:31:50,70.4692,-68.5914,90,92,7.069999999999958,18.52
273,calama,CL,2021-02-10 11:33:34,-22.4667,-68.9333,20,30,71.86999999999996,8.23
274,anito,PH,2021-02-10 11:33:34,12.4497,125.2886,86,88,78.29600000000005,3.93
275,sitka,US,2021-02-10 11:33:34,57.0531,-135.33,1,62,12.46999999999996,3.62
276,nibong tebal,MY,2021-02-10 11:33:34,5.1659,100.4779,20,83,82.66999999999996,1.03
277,saint-paul,RE,2021-02-10 11:33:35,-21.0096,55.2707,87,95,73.27400000000002,0.45
278,tasiilaq,GL,2021-02-10 11:31:37,65.6145,-37.6368,75,62,12.46999999999996,1.03
279,frederick,US,2021-02-10 11:33:35,39.4668,-77.3997,1,60,37.66999999999996,2.06
280,puerto leguizamo,CO,2021-02-10 11:33:35,-0.1934,-74.7819,41,45,91.868,2.74
281,aswan,EG,2021-02-10 11:31:24,24.0934,32.907,95,18,78.566,4.73
282,souillac,MU,2021-02-10 11:33:35,-20.5167,57.5167,40,74,80.86999999999996,4.12
283,te anau,NZ,2021-02-10 11:33:35,-45.4167,167.7167,100,86,49.08200000000002,3.91
284,margate,GB,2021-02-10 11:30:29,51.3813,1.3862,100,81,32.26999999999996,0.89
285,san rafael,AR,2021-02-10 11:31:31,-34.6177,-68.3301,48,48,74.51600000000002,3.25
286,denton,US,2021-02-10 11:33:35,33.2001,-97.1336,90,93,29.26400000000003,5.14
287,kasongo,CD,2021-02-10 11:30:28,-4.45,26.6667,100,96,72.75199999999998,1.72
288,manggar,ID,2021-02-10 11:28:47,-2.8833,108.2667,100,85,79.64600000000004,3.49
289,vaitupu,,,,,,,,
290,dikson,RU,2021-02-10 11:32:21,73.5069,80.5464,100,89,-19.55199999999998,3.81
291,ossora,RU,2021-02-10 11:33:35,59.2353,163.0719,100,95,14.774000000000012,5.04
292,akyab,MM,2021-02-10 11:33:35,20.15,92.9,0,61,68.50399999999996,3.04
293,nadvoitsy,RU,2021-02-10 11:33:35,63.8667,34.3167,57,91,-3.3700000000000117,2.03
294,dingle,PH,2021-02-10 11:33:35,10.9995,122.6711,100,88,75.95600000000003,1.01
295,qui nhon,VN,2021-02-10 11:31:16,13.7667,109.2333,95,79,71.47400000000002,6.23
296,visby,SE,2021-02-10 11:33:35,57.6409,18.296,75,68,23.26999999999996,8.23
297,millinocket,US,2021-02-10 11:32:01,45.6573,-68.7098,1,53,21.469999999999956,3.6
298,redcar,GB,2021-02-10 11:33:35,54.6166,-1.06,82,77,32.26999999999996,2.24
299,port macquarie,AU,2021-02-10 11:33:36,-31.4333,152.9167,45,99,63.266000000000005,0.45
300,ha tinh,VN,2021-02-10 11:33:36,18.3333,105.9,32,86,60.54800000000003,1.24
301,limbang,MY,2021-02-10 11:33:36,4.75,115,75,89,80.86999999999996,1.54
302,padang,ID,2021-02-10 11:31:29,-0.9492,100.3543,20,83,77.26999999999995,1.54
303,clarence town,AU,2021-02-10 11:33:36,-32.5833,151.7833,40,100,60.27799999999996,0.92
304,yar-sale,RU,2021-02-10 11:33:36,66.8333,70.8333,76,85,-23.746000000000002,5.35
305,cairns,AU,2021-02-10 11:30:49,-16.9167,145.7667,40,94,79.06999999999996,0.51
306,dalvik,IS,2021-02-10 11:33:36,65.9702,-18.5286,75,93,19.66999999999996,1.03
307,olga,RU,2021-02-10 11:33:36,43.7444,135.2892,0,91,16.538000000000046,2.71
308,tokur,RU,2021-02-10 11:33:36,53.1333,132.9,59,90,-15.412000000000006,1.33
309,port blair,IN,2021-02-10 11:33:36,11.6667,92.75,30,66,77.48599999999996,3.77
310,simao,CN,2021-02-10 11:33:36,22.7886,100.9748,0,84,48.092,0.78
311,oussouye,SN,2021-02-10 11:33:36,12.485,-16.5469,0,51,100.66999999999996,2.06
312,omsukchan,RU,2021-02-10 11:33:36,62.5333,155.8,100,90,1.3639999999999795,0.72
313,saldanha,ZA,2021-02-10 11:33:36,-33.0117,17.9442,0,47,80.86999999999996,5.66
314,westport,US,2021-02-10 11:30:37,41.1415,-73.3579,1,59,30.272000000000038,2.57
315,venado tuerto,AR,2021-02-10 11:33:36,-33.7456,-61.9688,50,76,80.27599999999998,3.58
316,mount isa,AU,2021-02-10 11:33:36,-20.7333,139.5,75,61,84.46999999999997,4.12
317,flin flon,CA,2021-02-10 11:33:36,54.7682,-101.865,20,75,-32.52999999999999,1.54
318,puerto escondido,MX,2021-02-10 11:33:37,15.85,-97.0667,1,84,84.46999999999997,2.51
319,saint-joseph,RE,2021-02-10 11:33:37,-21.3667,55.6167,0,69,82.66999999999996,3.6
320,alofi,NU,2021-02-10 11:32:24,-19.0595,-169.9187,100,100,77.26999999999995,1.03
321,zhigansk,RU,2021-02-10 11:33:37,66.7697,123.3711,0,84,-19.425999999999988,4.51
322,urumqi,CN,2021-02-10 11:30:08,43.801,87.6005,40,93,19.66999999999996,1
323,eslamshahr,IR,2021-02-10 11:30:40,35.5605,51.2346,75,26,59.26999999999996,3.09
324,sao joao da barra,BR,2021-02-10 11:33:37,-21.6403,-41.0511,20,51,86.26999999999995,7.2
325,hauge,NO,2021-02-10 11:33:37,58.3436,6.2812,57,53,26.27599999999999,0.45
326,garachine,PA,2021-02-10 11:33:37,8.0647,-78.3628,57,70,82.45399999999995,1.84
327,yuanping,CN,2021-02-10 11:33:37,38.7153,112.7575,0,71,34.86199999999995,0.49
328,kangaatsiaq,GL,2021-02-10 11:33:37,68.3065,-53.4641,0,87,9.374000000000013,3.43
329,vestmannaeyjar,IS,2021-02-10 11:33:37,63.4427,-20.2734,40,70,39.469999999999956,7.2
330,rongcheng,CN,2021-02-10 11:33:37,30.634,117.8517,100,83,51.601999999999975,1.06
331,dubrovytsya,UA,2021-02-10 11:33:37,51.5744,26.565,96,98,22.04600000000005,0.93
332,lichuan,CN,2021-02-10 11:33:37,30.3,108.85,5,94,42.42200000000004,1.03
333,ola,RU,2021-02-10 11:33:37,59.5833,151.2833,94,90,17.83399999999999,11.17
334,nobres,BR,2021-02-10 11:33:37,-14.7203,-56.3275,89,47,92.49800000000002,1.76
335,bur gabo,,,,,,,,
336,lagoa,PT,2021-02-10 11:33:37,39.05,-27.9833,45,69,58.424000000000014,15.08
337,mandalgovi,MN,2021-02-10 11:33:38,45.7625,106.2708,99,79,29.624000000000013,9.37
338,iskateley,RU,2021-02-10 11:33:38,67.6803,53.1512,100,90,-9.274000000000015,1.72
339,beringovskiy,RU,2021-02-10 11:33:38,63.05,179.3167,19,87,-19.174000000000014,5.14
340,ussel,FR,2021-02-10 11:33:38,45.55,2.3167,40,37,46.274000000000015,1.57
341,helong,CN,2021-02-10 11:33:38,42.5397,128.9972,1,93,21.70399999999995,2.59
342,mykolayivka,UA,2021-02-10 11:33:38,47.5414,30.7561,100,97,31.640000000000022,2.66
343,churapcha,RU,2021-02-10 11:33:38,62.0025,132.4325,80,86,-16.15,0.12
344,fevralsk,,,,,,,,
345,naze,JP,2021-02-10 11:33:38,28.3667,129.4833,99,66,59.12599999999999,5.14
346,usila,,,,,,,,
347,thinadhoo,MV,2021-02-10 11:33:21,0.5333,72.9333,35,75,82.38200000000002,5.54
348,samusu,,,,,,,,
349,san jose,US,2021-02-10 11:30:25,37.3394,-121.895,20,81,50.26999999999996,0.81
350,lethem,GY,2021-02-10 11:33:38,3.3803,-59.7968,40,69,80.86999999999996,6.17
351,bafoulabe,ML,2021-02-10 11:33:38,13.8065,-10.8321,64,8,104.32400000000001,1.63
352,fairbanks,US,2021-02-10 11:32:58,64.8378,-147.7164,90,70,-9.129999999999988,1.59
353,hamilton,US,2021-02-10 11:32:52,39.1834,-84.5333,90,73,21.469999999999956,3.6
354,sioux lookout,CA,2021-02-10 11:32:18,50.1001,-91.917,20,76,-19.929999999999993,2.11
355,kanniyakumari,IN,2021-02-10 11:33:39,8.0833,77.5667,35,76,76.13599999999997,8.53
356,sandwick,GB,2021-02-10 11:33:39,60,-1.25,40,86,34.06999999999996,1.03
357,louisbourg,,,,,,,,
358,oranjestad,AW,2021-02-10 11:33:30,12.524,-70.027,20,74,80.86999999999996,8.23
359,prince george,CA,2021-02-10 11:27:32,53.9166,-122.753,1,68,-29.721999999999987,1.03
360,guozhen,CN,2021-02-10 11:31:12,34.3659,107.359,100,49,49.153999999999954,0.39
361,mamlyutka,KZ,2021-02-10 11:33:39,54.9375,68.5394,34,85,-21.621999999999986,1.77
362,bunia,CD,2021-02-10 11:33:39,1.5667,30.25,100,46,74.73200000000003,1.14
363,stepnyak,KZ,2021-02-10 11:33:39,52.8339,70.7803,83,86,-17.805999999999976,3.05
364,mys shmidta,,,,,,,,
365,hami,CN,2021-02-10 11:33:39,42.8,93.45,59,81,31.567999999999984,4.19
366,furstenfeld,AT,2021-02-10 11:33:39,47.05,16.0833,100,99,37.274000000000015,2.76
367,alice springs,AU,2021-02-10 11:33:39,-23.7,133.8833,16,58,87.27799999999996,3.09
368,avera,US,2021-02-10 11:33:39,33.194,-82.5271,75,88,67.26199999999996,3.09
369,katsuura,JP,2021-02-10 11:33:39,35.1333,140.3,20,75,43.06999999999996,2.57
370,sibolga,ID,2021-02-10 11:33:39,1.7427,98.7792,99,83,78.78200000000001,1.36
371,phan rang,,,,,,,,
372,sorong,ID,2021-02-10 11:33:10,-0.8833,131.25,100,81,82.21999999999997,3.02
373,jiancheng,CN,2021-02-10 11:33:39,30.391,104.5491,90,72,51.27799999999996,1.34
374,gilgit,PK,2021-02-10 11:33:39,35.9221,74.3087,21,57,38.48000000000004,1.41
375,romitan,UZ,2021-02-10 11:33:40,39.9343,64.3814,0,41,59.26999999999996,2.06
376,pisco,PE,2021-02-10 11:33:40,-13.7,-76.2167,40,83,75.27200000000005,3.6
377,saryshagan,,,,,,,,
378,alyangula,AU,2021-02-10 11:33:40,-13.8483,136.4192,40,89,82.66999999999996,2.57
379,iralaya,HN,2021-02-10 11:33:40,15,-83.2333,75,83,77.26999999999995,3.09
380,palauig,PH,2021-02-10 11:33:40,15.435,119.9045,55,74,78.96199999999996,0.94
381,plavinas,LV,2021-02-10 11:33:40,56.6178,25.7255,100,95,11.569999999999958,3.37
382,narsaq,GL,2021-02-10 11:33:40,60.9167,-46.05,20,25,32.26999999999996,11.83
383,kaeo,NZ,2021-02-10 11:33:40,-35.1,173.7833,98,96,62.27599999999999,1.34
384,novyy urengoy,RU,2021-02-10 11:30:22,66.0833,76.6333,100,85,-25.041999999999994,6.49
385,cabra,ES,2021-02-10 11:33:40,37.4725,-4.4421,40,88,62.86999999999996,2.57
386,mareeba,AU,2021-02-10 11:33:40,-17,145.4333,40,94,79.06999999999996,0.51
387,biltine,TD,2021-02-10 11:33:40,14.5333,20.9167,0,16,78.00800000000001,3.38
388,katherine,AU,2021-02-10 11:33:40,-14.4667,132.2667,100,83,80.86999999999996,2.57
389,ryotsu,JP,2021-02-10 11:33:25,38.0833,138.4333,55,69,41.80999999999998,8.25
390,hellin,ES,2021-02-10 11:33:40,38.5106,-1.701,0,47,61.26799999999999,9.77
391,vanimo,PG,2021-02-10 11:33:40,-2.6741,141.3028,100,87,77.9,2.38
392,port-gentil,GA,2021-02-10 11:33:40,-0.7193,8.7815,40,74,88.06999999999996,4.12
393,takoradi,GH,2021-02-10 11:33:40,4.8845,-1.7554,20,76,83.96600000000001,5.01
394,alugan,PH,2021-02-10 11:33:40,12.2188,125.4808,56,87,79.91600000000001,4.61
395,qaqortoq,GL,2021-02-10 11:28:55,60.7167,-46.0333,20,25,32.26999999999996,11.83
396,ulu-telyak,RU,2021-02-10 11:33:41,54.9086,56.9669,100,94,3.919999999999959,1.77
397,prado,BR,2021-02-10 11:33:41,-17.3411,-39.2208,10,64,82.34600000000006,4.57
398,aci castello,IT,2021-02-10 11:33:41,37.5583,15.1346,0,59,64.66999999999996,5.14
399,okhotsk,RU,2021-02-10 11:33:41,59.3833,143.3,98,91,21.056000000000026,9.37
400,pho chai,TH,2021-02-10 11:33:41,16.3283,103.7703,2,99,75.27200000000005,4.78
401,vila franca do campo,PT,2021-02-10 11:33:41,37.7167,-25.4333,75,88,61.069999999999965,8.75
402,kiryas joel,US,2021-02-10 11:33:41,41.342,-74.1679,75,68,28.27400000000001,3.09
403,santa rosa,PH,2021-02-10 11:33:41,14.3122,121.1114,90,94,77.26999999999995,2.06
404,roald,NO,2021-02-10 11:33:41,62.5833,6.1333,0,74,25.069999999999958,6.69
405,cozumel,MX,2021-02-10 11:29:28,20.5083,-86.9458,40,69,82.66999999999996,5.14
406,vanderhoof,CA,2021-02-10 11:30:04,54.0166,-124.0198,0,82,-22.179999999999993,1.41
407,beloha,MG,2021-02-10 11:33:41,-25.1667,45.05,100,88,72.15800000000002,6.36
408,codrington,AU,2021-02-10 11:33:41,-38.2667,141.9667,0,74,63.446000000000055,3.85
409,nsukka,NG,2021-02-10 11:33:41,6.8561,7.3927,54,27,93.72200000000004,0.82
410,sechura,PE,2021-02-10 11:33:41,-5.5569,-80.8222,36,57,82.02200000000005,3.34
411,orneta,PL,2021-02-10 11:33:41,54.1148,20.1333,95,96,10.975999999999988,2.39
412,bucerias,MX,2021-02-10 11:33:41,20.75,-105.3333,1,77,68.26999999999995,1.7
413,veraval,IN,2021-02-10 11:33:41,20.9,70.3667,100,67,72.71600000000001,3.8
414,kidal,ML,2021-02-10 11:33:42,18.4411,1.4078,0,10,90.12200000000004,2.32
415,tubuala,PA,2021-02-10 11:33:42,9.5167,-79.0333,40,58,86.26999999999995,1.03
416,camiri,BO,2021-02-10 11:33:42,-20.05,-63.5167,90,88,66.46999999999997,0.92
417,anuchino,RU,2021-02-10 11:33:42,43.9622,133.0544,67,93,11.498000000000022,1
418,tessalit,ML,2021-02-10 11:33:42,20.1986,1.0114,0,10,88.62799999999996,4.26
419,eyl,SO,2021-02-10 11:33:42,7.9803,49.8164,71,73,75.29000000000002,9.01
420,bayburt,TR,2021-02-10 11:29:33,40.2589,40.2278,100,94,30.038000000000046,0.98
421,muros,ES,2021-02-10 11:33:42,42.7762,-9.0603,98,68,56.26400000000004,2.24
422,khatanga,RU,2021-02-10 11:33:42,71.9667,102.5,52,85,-14.205999999999982,3.08
423,aykhal,RU,2021-02-10 11:33:42,66,111.5,97,85,-20.613999999999983,2.51
424,mbeya,TZ,2021-02-10 11:33:42,-8.9,33.45,99,91,62.20399999999995,0.49
425,soure,BR,2021-02-10 11:33:42,-0.7167,-48.5233,66,77,82.68800000000005,3.53
426,kuching,MY,2021-02-10 11:33:42,1.55,110.3333,20,94,79.06999999999996,1.54
427,kuche,,,,,,,,
428,port hardy,CA,2021-02-10 11:33:42,50.6996,-127.4199,40,86,28.66999999999996,2.57
429,khandagayty,RU,2021-02-10 11:33:42,50.7333,92.05,43,80,4.064000000000032,3.62
430,tagdangua,,,,,,,,
431,jati,PK,2021-02-10 11:33:42,24.3539,68.2671,76,72,66.70399999999995,3.82
432,manta,EC,2021-02-10 11:31:10,-0.95,-80.7333,75,74,82.66999999999996,0.51
433,bathsheba,BB,2021-02-10 11:33:43,13.2167,-59.5167,40,54,84.46999999999997,10.29
434,golden,US,2021-02-10 11:33:43,39.7555,-105.2211,90,92,32.26999999999996,2.07
435,cassilandia,BR,2021-02-10 11:33:43,-19.1133,-51.7342,26,44,89.67200000000004,0.06
436,tezu,IN,2021-02-10 11:33:43,27.9167,96.1667,32,29,63.76999999999996,1.91
437,ayagoz,KZ,2021-02-10 11:33:43,47.9714,80.4392,99,92,-2.4339999999999904,1.9
438,yashkul,RU,2021-02-10 11:33:43,46.1711,45.3435,80,88,38.96600000000001,3.93
439,kalmunai,LK,2021-02-10 11:33:43,7.4167,81.8167,76,77,73.56199999999995,3.66
440,santa cruz de tenerife,ES,2021-02-10 11:31:15,28.4682,-16.2546,40,72,65.26400000000004,2.06
441,havre-saint-pierre,CA,2021-02-10 11:33:43,50.2334,-63.5986,1,47,8.869999999999958,6.69
442,sao jose da coroa grande,BR,2021-02-10 11:33:43,-8.8978,-35.1478,71,68,84.18200000000002,5.67
443,komsomolskiy,UZ,2021-02-10 11:33:43,40.4272,71.7189,100,81,50.26999999999996,1.03
444,lerwick,GB,2021-02-10 11:33:43,60.1545,-1.1494,40,86,34.06999999999996,1.03
445,faya,SA,2021-02-10 11:33:43,18.3851,42.4509,20,77,61.069999999999965,2.06
446,bengkulu,ID,2021-02-10 11:33:43,-3.8004,102.2655,99,88,76.13599999999997,1.64
447,palmer,US,2021-02-10 11:33:43,42.1584,-72.3287,75,93,28.27400000000001,5.14
448,njeru,UG,2021-02-10 11:33:43,0.4186,33.1731,99,69,72.59000000000003,2.65
449,presidencia roque saenz pena,AR,2021-02-10 11:33:43,-26.7852,-60.4388,100,53,84.27200000000005,1.79
450,krasnoselkup,RU,2021-02-10 11:33:43,65.7,82.4667,100,87,-20.595999999999997,2.98
451,ndola,ZM,2021-02-10 11:33:43,-12.9587,28.6366,72,86,72.26600000000002,0.45
452,kropotkin,RU,2021-02-10 11:32:15,45.4375,40.5756,94,81,46.54399999999997,2.78
453,nelson bay,AU,2021-02-10 11:33:43,-32.7167,152.15,40,100,60.27799999999996,1.16
454,valledupar,CO,2021-02-10 11:31:59,10.4631,-73.2532,1,35,93.18200000000002,3.8
455,mastic beach,US,2021-02-10 11:33:44,40.7668,-72.8521,1,55,32.26999999999996,3.6
456,inirida,CO,2021-02-10 11:32:43,3.8653,-67.9239,91,51,91.66999999999996,1.56
457,gamba,GA,2021-02-10 11:33:44,-2.65,10,88,82,81.17599999999999,3.23
458,metehara,,,,,,,,
459,samarai,PG,2021-02-10 11:33:44,-10.6167,150.6667,95,77,82.25600000000003,5.49
460,tuy hoa,VN,2021-02-10 11:33:44,13.0833,109.3,87,83,71.09600000000006,4.9
461,surman,LY,2021-02-10 11:33:44,32.7567,12.5716,0,22,72.392,1.46
462,xining,CN,2021-02-10 11:33:44,36.6167,101.7667,100,64,35.05999999999998,0.38
463,solovetskiy,,,,,,,,
464,araouane,ML,2021-02-10 11:33:44,18.9048,-3.5265,45,11,87.11600000000001,3.83
465,blagesti,RO,2021-02-10 11:33:44,46.6833,26.65,100,93,42.27799999999996,2.06
466,mahadday weyne,,,,,,,,
467,lasa,IT,2021-02-10 11:33:44,46.6166,10.7002,40,80,40.26199999999996,2.57
468,okha,RU,2021-02-10 11:32:08,53.5739,142.9478,100,97,22.31600000000001,7.91
469,nizhneyansk,,,,,,,,
470,charyshskoye,RU,2021-02-10 11:33:44,51.3978,83.5598,49,85,-8.35599999999998,2.31
471,cap malheureux,MU,2021-02-10 11:33:44,-19.9842,57.6142,21,79,78.27799999999996,1.79
472,gravdal,NO,2021-02-10 11:33:44,68.1214,13.5031,40,79,16.069999999999958,1.54
473,riviere-au-renard,CA,2021-02-10 11:33:44,48.9957,-64.3971,40,49,17.86999999999996,6.69
474,markala,ML,2021-02-10 11:33:44,13.7021,-6.0659,16,8,99.17599999999999,4.34
475,alekseyevsk,RU,2021-02-10 11:33:44,57.8406,108.3492,26,88,-5.782000000000018,1.3
476,piacabucu,BR,2021-02-10 11:33:45,-10.4056,-36.4344,17,65,85.208,6.3
477,formosa,AR,2021-02-10 11:33:45,-26.1775,-58.1781,90,65,82.66999999999996,1.03
478,charagua,BO,2021-02-10 11:33:45,-19.8,-63.2167,90,88,66.46999999999997,2.66
479,uni,RU,2021-02-10 11:33:45,57.7535,51.4923,56,90,-8.896,2.85
480,quimper,FR,2021-02-10 11:33:45,48,-4.1,0,60,35.86999999999996,4.63
481,coos bay,US,2021-02-10 11:33:45,43.3665,-124.2179,90,100,36.266000000000005,3.09
482,vardo,NO,2021-02-10 11:33:45,70.3705,31.1107,40,68,21.469999999999956,12.35
483,saedinenie,BG,2021-02-10 11:33:45,42.2667,24.55,75,62,59.26999999999996,1.03
484,baykit,RU,2021-02-10 11:32:10,61.67,96.37,99,85,-11.091999999999999,1.3
485,brookhaven,US,2021-02-10 11:33:45,31.5791,-90.4407,46,86,67.26199999999996,2.6
486,rajanpur,PK,2021-02-10 11:32:15,29.1035,70.325,0,28,64.70600000000003,1.78
487,innisfail,AU,2021-02-10 11:33:45,-17.5333,146.0333,90,89,77.39600000000004,1.63
488,lanigan,CA,2021-02-10 11:33:45,51.8501,-105.0344,100,69,-21.72999999999999,3.6
489,cortez,US,2021-02-10 11:33:45,37.3489,-108.5859,90,70,39.469999999999956,2.57
490,maragogi,BR,2021-02-10 11:33:45,-9.0122,-35.2225,74,69,84.12799999999996,5.98
491,fortuna foothills,US,2021-02-10 11:32:56,32.6578,-114.4119,1,47,63.266000000000005,2.06
492,solenzo,BF,2021-02-10 11:33:45,12.1833,-4.0833,33,8,100.526,4.92
493,ijaki,,,,,,,,
494,bonfim,BR,2021-02-10 11:33:45,3.0833,-59.95,40,69,80.86999999999996,6.17
495,victor harbor,AU,2021-02-10 11:30:18,-35.5667,138.6167,0,47,78.27799999999996,2.78
496,plouzane,FR,2021-02-10 11:33:14,48.3833,-4.6167,0,69,37.66999999999996,8.75
497,dong hoi,VN,2021-02-10 11:33:45,17.4833,106.6,3,81,62.54600000000005,1.53
498,chernyshevskiy,RU,2021-02-10 11:33:45,63.0128,112.4714,96,91,-15.898000000000025,0.19
499,bhinmal,IN,2021-02-10 11:33:46,25,72.25,5,38,61.627999999999965,1.66
500,pringsewu,ID,2021-02-10 11:33:46,-5.3582,104.9744,92,92,74.49800000000002,0.2
501,tabiauea,,,,,,,,
502,goderich,CA,2021-02-10 11:33:46,43.7501,-81.7165,80,62,17.86999999999996,4.12
503,juneau,US,2021-02-10 11:31:42,58.3019,-134.4197,20,71,-3.7299999999999898,4.53
504,oyama,JP,2021-02-10 11:33:46,36.3,139.8,20,69,48.272000000000034,3.09
505,lalibela,ET,2021-02-10 11:33:46,12.0333,39.0333,26,50,58.946000000000055,5.83
506,shubarkuduk,KZ,2021-02-10 11:33:46,49.1447,56.4872,100,97,20.24600000000005,6.31
507,jumla,NP,2021-02-10 11:33:46,29.2747,82.1838,34,75,37.508,1.66
508,anzio,IT,2021-02-10 11:33:46,41.4853,12.6179,100,84,56.26400000000004,1.34
509,ca mau,VN,2021-02-10 11:33:46,9.1769,105.15,86,89,75.75800000000001,1.73
510,buqayq,,,,,,,,
511,wanaka,NZ,2021-02-10 11:33:46,-44.7,169.15,99,75,48.84800000000003,3.78
512,palmas,BR,2021-02-10 11:32:01,-10.2128,-48.3603,75,83,77.26999999999995,2.06
513,plyussa,RU,2021-02-10 11:33:46,58.4308,29.3654,100,95,9.175999999999988,2.8
514,termoli,IT,2021-02-10 11:33:46,41.9888,14.9895,99,69,51.27799999999996,2.24
515,shenjiamen,CN,2021-02-10 11:33:46,29.9576,122.298,100,89,50.88200000000002,4.21
516,rock sound,BS,2021-02-10 11:33:46,24.9,-76.2,16,79,75.75800000000001,6.17
517,oksfjord,NO,2021-02-10 11:33:47,70.2396,22.3479,20,58,23.26999999999996,1.03
518,kem,RU,2021-02-10 11:33:47,64.9555,34.5793,6,92,-3.891999999999996,2.68
519,cockburn town,TC,2021-02-10 11:29:04,21.4612,-71.1419,20,73,79.06999999999996,5.14
520,deputatskiy,RU,2021-02-10 11:33:47,69.3,139.9,29,88,-23.07999999999999,0.95
521,faanui,PF,2021-02-10 11:31:14,-16.4833,-151.75,0,67,81.33800000000005,4.12
522,bose,IT,2021-02-10 11:33:47,45.4612,8.0137,100,78,49.26199999999996,0.76
523,urdoma,RU,2021-02-10 11:33:47,61.7533,48.5442,91,90,-11.146,1.27
524,tiznit,MA,2021-02-10 11:33:47,29.5833,-9.5,31,73,59.792,3.66
525,petropavlovsk-kamchatskiy,RU,2021-02-10 11:33:47,53.0452,158.6483,100,79,17.86999999999996,4
526,altay,CN,2021-02-10 11:33:47,47.8667,88.1167,27,73,3.146000000000047,1.85
527,mentok,,,,,,,,
528,cayenne,GF,2021-02-10 11:33:47,4.9333,-52.3333,75,65,82.66999999999996,5.14
529,kolkwitz,DE,2021-02-10 11:33:47,51.75,14.25,98,82,18.266000000000005,2.9
530,matamoros,MX,2021-02-10 11:32:57,25.5333,-103.25,1,22,68.26999999999995,1.95
531,krasnovishersk,RU,2021-02-10 11:33:47,60.4078,57.082,100,88,-16.851999999999975,1.53
532,buchanan,LR,2021-02-10 11:33:47,5.8808,-10.0467,75,62,89.86999999999996,5.66
533,kishanpur,IN,2021-02-10 11:33:47,25.65,81.0167,21,51,63.248000000000026,2.3
534,tevaitoa,PF,2021-02-10 11:33:47,-16.7833,-151.5,3,68,81.12200000000004,4.49
535,buraydah,SA,2021-02-10 11:33:47,26.326,43.975,0,55,66.46999999999997,1.54
536,pitimbu,BR,2021-02-10 11:33:48,-7.4706,-34.8086,75,62,88.06999999999996,5.66
537,ketchikan,US,2021-02-10 11:33:48,55.3422,-131.6461,1,57,17.86999999999996,2.57
538,geraldton,AU,2021-02-10 11:33:48,-28.7667,114.6,0,63,64.66999999999996,8.75
539,aksarka,RU,2021-02-10 11:33:10,66.5606,67.7975,74,84,-25.167999999999985,1.52
540,katihar,IN,2021-02-10 11:33:48,25.5333,87.5833,50,50,63.14000000000002,1.36
541,la roche-sur-yon,FR,2021-02-10 11:33:48,46.6667,-1.4333,90,86,34.06999999999996,5.14
542,lazurne,UA,2021-02-10 11:33:48,46.084,32.5295,75,100,43.06999999999996,2
543,egvekinot,RU,2021-02-10 11:33:48,66.3167,-179.1667,4,81,-26.62599999999999,6.46
544,manokwari,ID,2021-02-10 11:31:01,-0.8667,134.0833,100,78,79.96999999999997,2.52
545,berbera,SO,2021-02-10 11:33:48,10.4396,45.0143,49,62,77.30600000000004,3.95
546,bundaberg,AU,2021-02-10 11:33:00,-24.85,152.35,12,83,70.26799999999999,3.6
547,kazachinskoye,RU,2021-02-10 11:33:48,57.6953,93.2761,100,91,-1.6059999999999803,1.79
548,asau,RO,2021-02-10 11:33:48,46.4333,26.4,100,63,42.27799999999996,0.55
549,mahibadhoo,MV,2021-02-10 11:33:48,3.7833,72.9667,14,79,80.94200000000001,5.12
550,zhovkva,UA,2021-02-10 11:33:48,50.0583,23.9726,90,86,26.86999999999996,3
551,oromocto,CA,2021-02-10 11:33:48,45.8351,-66.4792,1,41,22.261999999999954,3.09
552,hovd,MN,2021-02-10 11:33:48,48.0056,91.6419,0,60,13.856000000000027,4.02
553,aguimes,ES,2021-02-10 11:33:48,27.9054,-15.4461,75,72,70.26799999999999,2.57
554,maraba,BR,2021-02-10 11:33:48,-5.3686,-49.1178,75,79,91.66999999999996,1.03
555,kemijarvi,FI,2021-02-10 11:33:48,66.7131,27.4306,94,94,6.116000000000007,1.79
556,ugoofaaru,MV,2021-02-10 11:33:48,5.6667,73,0,65,81.98599999999996,2.83
557,saint anthony,US,2021-02-10 11:33:49,45.0205,-93.218,75,55,5.269999999999957,4.12
558,balfour,ZA,2021-02-10 11:33:49,-26.6633,28.5902,75,41,77.26999999999995,2.57
559,dengzhou,CN,2021-02-10 11:33:49,37.8086,120.7508,0,68,40.45999999999998,2.77
560,ikalamavony,MG,2021-02-10 11:33:49,-21.15,46.5833,100,90,69.20600000000003,2.62
561,antequera,ES,2021-02-10 11:33:49,37.0194,-4.5612,90,68,68.26999999999995,3.6
562,la palma,US,2021-02-10 11:33:49,33.8464,-118.0467,40,62,58.26199999999996,1.66
563,tupik,RU,2021-02-10 11:33:49,54.4253,119.9327,100,93,6.566000000000006,0.59
564,ginir,ET,2021-02-10 11:33:49,7.1333,40.7,99,64,62.653999999999954,2.32
565,nokaneng,BW,2021-02-10 11:33:49,-19.6667,22.2667,100,91,69.368,3.16
566,camacha,PT,2021-02-10 11:32:54,33.0833,-16.3333,40,77,66.46999999999997,4.63
567,andenes,NO,2021-02-10 11:33:49,69.3143,16.1194,75,74,30.46999999999996,8.75
568,halalo,,,,,,,,
569,highland springs,US,2021-02-10 11:33:49,37.546,-77.3278,75,61,45.266000000000005,3.09
570,zemio,CF,2021-02-10 11:33:49,5.0314,25.1361,97,19,84.07400000000001,2
571,homocea,RO,2021-02-10 11:33:49,46.1333,27.2333,98,93,42.27799999999996,2.06
572,claveria,PH,2021-02-10 11:33:49,18.6074,121.0832,97,86,75.14600000000004,3.07
573,nhulunbuy,AU,2021-02-10 11:30:10,-12.2333,136.7667,40,89,80.86999999999996,3.6
574,namibe,AO,2021-02-10 11:33:49,-15.1961,12.1522,20,65,80.86999999999996,3.6
575,tilichiki,RU,2021-02-10 11:33:49,60.4667,166.1,100,92,-4.558000000000007,4.98
576,armenia,AM,2021-02-10 11:33:49,40,45,100,61,46.66999999999996,1.69
577,baculin,PH,2021-02-10 11:33:49,7.4525,126.5842,60,83,77.37799999999996,1.2
578,yandoon,,,,,,,,
579,paradwip,,,,,,,,
580,vilhena,BR,2021-02-10 11:33:50,-12.7406,-60.1458,90,100,73.66999999999996,3.09
581,grindavik,IS,2021-02-10 11:33:50,63.8424,-22.4338,75,75,37.66999999999996,4.12
582,nizwa,OM,2021-02-10 11:33:50,22.9333,57.5333,95,28,68.93599999999998,1.44
583,zhuhai,CN,2021-02-10 11:33:50,22.2769,113.5678,40,88,61.069999999999965,5.66
584,odemira,PT,2021-02-10 11:32:35,37.598,-8.6397,99,100,60.27799999999996,2.68
585,ambilobe,MG,2021-02-10 11:33:50,-13.2,49.05,100,89,76.36999999999996,1.02
586,bonnyville,CA,2021-02-10 11:30:04,54.2668,-110.735,20,57,-21.72999999999999,3.6
587,salalah,OM,2021-02-10 11:33:50,17.0151,54.0924,0,44,77.26999999999995,1.03
588,coquimbo,CL,2021-02-10 11:33:50,-29.9533,-71.3436,20,68,68.26999999999995,6.69
589,port hedland,AU,2021-02-10 11:33:50,-20.3167,118.5667,83,83,80.86999999999996,2.57
590,nabire,ID,2021-02-10 11:33:50,-3.3667,135.4833,100,87,77.91799999999998,0.55
591,trairi,BR,2021-02-10 11:33:50,-3.2778,-39.2689,40,69,84.45199999999997,5.77
592,ilabaya,PE,2021-02-10 11:33:50,-17.4208,-70.5133,44,46,76.36999999999996,5.04
593,pontes e lacerda,BR,2021-02-10 11:33:50,-15.2261,-59.3353,98,50,88.41199999999995,2.81
594,kusye-aleksandrovskiy,,,,,,,,
595,waingapu,ID,2021-02-10 11:33:50,-9.6567,120.2641,100,80,78.63800000000005,2.19
596,hobyo,SO,2021-02-10 11:33:50,5.3505,48.5268,76,75,78.15199999999999,8.98
597,gaoyou,CN,2021-02-10 11:33:51,32.7858,119.4278,100,79,49.26199999999996,3.02
598,ottumwa,US,2021-02-10 11:33:51,41.02,-92.4113,40,72,10.274000000000012,4.12
599,aflu,,,,,,,,
600,sarangani,PH,2021-02-10 11:33:51,5.4033,125.4636,83,80,82.14800000000002,3.88
601,ust-kamchatsk,,,,,,,,
602,nezhinka,RU,2021-02-10 11:33:51,51.7676,55.3694,90,85,12.46999999999996,5
603,byron bay,AU,2021-02-10 11:33:51,-28.65,153.6167,75,94,66.46999999999997,2.06
604,tazovskiy,RU,2021-02-10 11:32:09,67.4667,78.7,100,87,-20.254000000000005,4.73
605,tarata,BO,2021-02-10 11:33:51,-17.6167,-66.0167,75,49,71.86999999999996,1.54
606,esmeraldas,BR,2021-02-10 11:33:51,-19.7625,-44.3139,75,51,84.46999999999997,4.12
607,paita,PE,2021-02-10 11:33:51,-5.0892,-81.1144,40,58,84.46999999999997,5.14
608,rio gallegos,AR,2021-02-10 11:32:45,-51.6226,-69.2181,0,59,66.46999999999997,5.14
609,kamaishi,JP,2021-02-10 11:33:51,39.2667,141.8833,20,88,33.403999999999954,3.82
610,chapais,CA,2021-02-10 11:33:51,49.7834,-74.8492,1,78,3.46999999999996,1.54
